ID_LIEU,LIBELLE_ARRET,affluence_moyenne,lat,lon
-1006,POLE_GARE_DE_LEST,67545.56993529119,48.8765,2.359
-1005,POLE_GARE_DU_NORD,93613.76630164261,48.8809,2.3553
-1004,POLE_GARE_DE_LYON,89386.7030861125,48.8443,2.3744
-1003,POLE_MONTPARNASSE,67995.25983076157,48.841,2.321
-1002,POLE_SAINT_LAZARE,199363.1662518666,48.8757,2.3253
-1001,POLE_LA_DEFENSE,120203.30537580886,48.892,2.2389
-1000,POLE_CHATELET,128758.59073935774,48.8583,2.347
59403,Angerville,113.01310615989514,48.3112962747666,2.0035250000979894
59420,Boigneville,29.44328053142565,48.34166354461878,2.3788154433118907
59429,Monnerville,20.471491228070175,48.34841601424845,2.0322397733867006
59447,Buno Gironville,39.06961382113821,48.371383292302916,2.387209797198101
59450,Guillerval,16.005565217391304,48.37452501337593,2.0599123476370655
59470,Maisse,103.69215291750503,48.39364154774085,2.393410724066637
59531,St Martin,353.9530166880616,48.42736258418355,2.1452465929031157
59565,Boutigny,113.34088050314466,48.43449061286291,2.3766728185069916
59661,Ferte Alais,243.6338028169014,48.485514299822704,2.352193814586844
59678,Etrechy,476.0993710691824,48.49364457849669,2.1945817005254264
59734,Chamarande,129.01113078674425,48.514245875300325,2.21551781194949
59761,Lardy,295.3210963037465,48.52040359106998,2.254739702427517
59825,Ballancourt,298.7545796737767,48.531501986486845,2.3705184977367075
59830,Bouray,1031.08310387985,48.53289010324473,2.2900825138403964
59836,Dourdan,615.2285786290323,48.53373283397724,2.0087718138734374
59842,Sermaise,68.68369152970922,48.5358065092437,2.0693815248874716
59843,Dourdan La Fore,90.78176382660688,48.53562062258458,1.995901990362833
59882,St Cheron,305.53903903903904,48.550926680302844,2.124937383537765
59940,Breuillet Villa,359.8252256770311,48.56432890676855,2.1703772591600425
59948,Marolles,823.2071733132681,48.56559386282182,2.2909244684897176
59953,Coudray Montcea,48.333155080213906,48.56611782073621,2.492713002881577
59984,Mennecy,645.7704465629704,48.5705968587192,2.432098533660357
60006,Plessis Chenet,28.66823899371069,48.573807793559,2.479469169601778
60028,Breuillet Bruye,303.83697015299725,48.577508489431835,2.192063068770897
60052,Egly,337.1414952333166,48.582724688073675,2.223448833583109
60072,Arpajon,1013.5406148462885,48.58600789080001,2.241070080902974
60084,Moulin Galant,372.88057445200303,48.58715390715937,2.4734903663442247
60115,Norville St Ger,359.3186372745491,48.59111919975116,2.2662138531705556
60124,Villabe,123.99344758064517,48.59281219034078,2.461550180897489
60247,Bretigny,6082.486183719194,48.606744948948126,2.302059691582639
60309,Corbeil Essonne,3377.897352647353,48.613427913594734,2.4729336504587436
60422,Bras De Fer,2340.6759930052463,48.623332241072234,2.4514090955932755
60454,Gazeran,228.38106666666667,48.62603636859391,1.773248849448224
60522,Evry,633.2517658930374,48.63426831236897,2.4525733922724497
60536,St Michel Orge,2913.262580966617,48.63587586133944,2.3068331640148254
60542,Orangis,2244.662659654395,48.63635136710196,2.4077962861739057
60665,Rambouillet,4293.651725006295,48.64422195345786,1.8329354703489626
60785,Ste Genevieve,3432.7880976095616,48.65281140144265,2.312736251060263
60797,Grigny Centre,5382.390589992532,48.654849335430036,2.3967835034154406
60839,Ris Orangis,786.9790157381964,48.658975423830064,2.415206841330065
60981,Viry Chatillon,1145.5514228657014,48.6760924339657,2.386783798391593
60987,Savigny Sur Org,6122.984561752988,48.676446656997726,2.3524814010489976
61094,Souppes Chateau,443.63874213836476,48.18093685578624,2.736249842909681
61145,Bagneaux Sur L,56.60843221408735,48.22954993747097,2.7039360529619154
61218,Nemours St Pier,857.4937593609585,48.267758109949376,2.6856470899397507
61318,Bourron Marlott,70.55342258145997,48.33268364471057,2.6924801905840665
61410,Moret Veneux,686.0573647294589,48.37859776792737,2.7993074292837794
61412,Grande Paroisse,45.48558340070062,48.37864192828077,2.8963818990385235
61414,Montereau,1869.0402097902097,48.379526104184876,2.9425234127023705
61423,St Mammes,185.6000508517671,48.382689435006995,2.816578770848898
61450,Vernou Sur Sein,31.609141055949568,48.38677098743939,2.842037388815224
61480,Thomery,74.4452296819788,48.39430843875827,2.764028188787889
61537,Champagne Seine,257.42403628117916,48.40728299408842,2.7989224425509676
61579,Fontainebleau,3041.7984011991007,48.41637703300661,2.726661533081673
61630,Vulaines Sur Se,41.47635047815973,48.4305048185211,2.752998384995991
61658,Hericy,47.690445196563395,48.44267432598409,2.7607175073524735
61727,Bois Le Roi,639.1628778416188,48.47552307237661,2.6920332598663994
61763,Chartrettes,30.062549070923843,48.48707639524809,2.6950373151676708
61767,Fontaine Le Por,36.6743762993763,48.48737309459969,2.750483097368812
61826,Livry Sur Seine,69.01114278310443,48.51026517526803,2.678973982691401
61850,Vosves,21.296033622274756,48.515151454141154,2.5993042659192627
61858,Longueville,509.2546957175056,48.513754590975296,3.25003498258305
61926,Melun Gare,13097.886621315192,48.527243321460155,2.6549902821418874
61943,Boissise Le Roi,72.52882653061225,48.52974691857647,2.572073662735743
61961,Ste Colombe,80.2027972027972,48.529148966826575,3.2553681500250122
61976,Ponthierry,276.4671679197995,48.535139766989644,2.544348950368586
62003,Mee,1967.305603985056,48.538775256627815,2.6255221550663017
62064,Champbenoist,130.79204339963835,48.545296265858845,3.2866795280983006
62139,Provins,463.1371128871129,48.5554261045623,3.301796476078171
62168,Nangis,631.1118138122945,48.561947850024765,3.0120121424808315
62176,Cesson,986.9391739674593,48.56494949567092,2.594551816007613
62290,Savigny Le Temp,3920.9980089596816,48.59556383799178,2.5839477110612505
62351,Mormant,337.47821732598896,48.61401524181304,2.8882528940730747
62412,Lieusaint-Moiss,5318.833582461385,48.62837555172384,2.569583548236461
62471,Verneuil Etang,463.07708553326296,48.644373624916824,2.8251699329703728
62558,Combs La Ville,3468.670731707317,48.667901961049886,2.5475480458143664
62596,Boussy St Antoi,2776.6719022687607,48.68101661634273,2.5331306565710374
62804,Perray,500.7911566325256,48.6930965912168,1.8565920652871295
62825,La Hacquiniere,542.4447236180905,48.695264122108014,2.151642038623571
62851,Bures-S-Yvette,1091.781502016129,48.696252747814434,2.1643782427741725
62890,Gif-S-Yvette,1186.7896472976402,48.698196976301936,2.136566717058361
62892,Orsay-Ville,3355.486377396569,48.69750567080332,2.1810544390412185
62951,Courcelle-S-Yv,664.8523217457498,48.70121772031537,2.097975858420524
62978,St-Remy-Les-Ch,1185.7749936724879,48.70275104207729,2.071242846320578
63025,Le Guichet,1810.8386613386613,48.70540392478546,2.1927348848067565
63029,Lozere,1120.7155344655346,48.70596898482229,2.212262378017493
63044,Yerres,3559.093578894973,48.7066109356985,2.4842425564350705
63067,Palaiseau-Vil.,1288.6040989752562,48.70814058364534,2.237314364639455
63071,Vigneux,5128.092583374813,48.70812051426092,2.4138711503513184
63072,Montgeron,3208.224794622853,48.70823782858165,2.462282244689792
63134,Athis Mons,984.7400450788881,48.71262898747626,2.4036331049084922
63175,Palaiseau,1694.5052421367948,48.71694628758515,2.245672514581906
63240,Essarts Le Roi,556.4405594405595,48.721915961058656,1.8900045636979848
63320,Massy-Verrier.,1190.0462588473206,48.73488814734515,2.2740024044842477
63352,Igny,284.7107313395326,48.74085330015774,2.2308399305579862
63369,Coignieres,365.6936531734133,48.74348398592533,1.921036600039738
63404,Bievres,303.0045112781955,48.75102327511976,2.2158608573516494
63426,Verriere,4765.091090094575,48.75518504199213,1.9430499444004303
63454,Vauboyen,149.23582242750834,48.75883616371208,2.193014615252485
63523,Jouy En Josas,424.25846925972394,48.764776012952915,2.163947085881832
63594,Petit Jouy,104.30629921259843,48.77163431371264,2.1469727415128563
63650,Trappes,3831.214285714286,48.77480280977952,2.006566869057666
63812,St Quentin Yve,11186.17376966007,48.787390238291614,2.044621988534177
63880,Versailles Ch,13779.75883838384,48.795138179363484,2.135156224100022
63886,Porchefontaine,765.1718832891247,48.79652818117568,2.152378660253372
63893,Houdan,722.3187390542907,48.79602536780064,1.602701692990599
63923,Viroflay Rg,3308.598556495769,48.800838179714646,2.17124900886393
63955,Montfort L Amau,425.90025,48.8026019809067,1.816466794198607
63989,Montreuil,1884.721872640322,48.80594060579477,2.1529930703695093
63999,Fontenay Fleury,1167.790326601845,48.80724661210162,2.040519204703665
64021,Versailles Rd,4543.967816091954,48.809482263917104,2.135087456598118
64025,Garancieres,241.7008590197069,48.81047522542192,1.764581486740225
64145,Villepreux,1754.8612702366127,48.823653268749275,1.9928645351555556
64175,Orgerus,192.6541635408852,48.82657842806817,1.703218425476859
64194,Tacoignieres,160.36691009821203,48.82942901532876,1.669010161365564
64195,Plaisir Les Cl,1045.9620947630922,48.830959528646794,1.9600265602482685
64199,Plaisir Grignon,3149.3199701195217,48.831916184318544,1.9444017580668456
64251,Celle St Cloud,1362.3800151400453,48.84271995435487,2.138125058777295
64301,Bougival,484.7672348003053,48.85425170349276,2.132132445251102
64338,Beynes,108.30831643002028,48.859998730438754,1.8755955903020674
64341,Louveciennes,532.6154430379747,48.86121452860314,2.123191095956036
64405,Marly Le Roi,1254.2488572879633,48.87150310365913,2.0965482527553423
64483,Chatou-Croissy,4748.611929124033,48.885211218208454,2.1559034718965226
64514,Le Vesinet-Cen,2838.1196901549224,48.89008623555386,2.134600875228717
64572,Mareil,65.86871360508205,48.89298157657328,1.8718454136365534
64582,Le Vesinet-L.P,4548.41375,48.89797344633644,2.122117447472966
64674,Maule,165.34378952694155,48.90955319974533,1.8568555169228915
64741,Houilles,10408.900199104031,48.92037937392436,2.1853533763028636
64883,Poissy,11346.232285429141,48.93326540612855,2.041072289675926
64918,Sartrouville,10636.416939752962,48.93773606341459,2.1570864964698178
64945,Nezel Aulnay,55.361926841834105,48.938719239933185,1.8405170296579703
64949,Villennes Seine,409.976938672073,48.93948681080073,1.999603609660236
65048,Maisons Laffitt,6685.148277583625,48.94550297190666,2.1450174376542583
65051,Breval,159.5027975584944,48.94345963288564,1.5417749316626164
65063,Argenteuil,11811.909158785465,48.94679694208001,2.25789748402742
65110,Val D Argent,5317.289696366352,48.950651093090265,2.2325340087059704
65190,Acheres Grand,54.102647217720154,48.955402244531115,2.093521901580612
65305,St Gratien,2607.108405945669,48.963589684873156,2.285930718208942
65326,Epone Mezieres,591.063012295082,48.96334411275809,1.8090945087737833
65360,Barre Ormesson,1683.3195979899497,48.966326544842126,2.3165820711557
65399,Cormeilles,3351.4662347371045,48.96866508306206,2.193092468694061
65441,Sannois,3139.9621702339473,48.97098803438473,2.263830527175666
65443,Chanteloup,495.4098975256186,48.970366933949514,2.0275187756771844
65485,Enghien,6784.392,48.972749119759264,2.307137032071533
65490,Aubergenville,1235.7756682488134,48.972141676907825,1.8483488082825013
65542,Andresy,334.5503254882324,48.97459610282988,2.0486730603847483
65562,Deuil Montmagny,1820.7564499484004,48.97605425313049,2.338524070645141
65582,Garges Sarcelle,15004.8758776329,48.97695428188976,2.390634266787459
65659,Frette Montigny,488.6065162907268,48.979887167643504,2.1803421469117485
65663,Champ De Course,1807.8906565656566,48.9795166182837,2.2921687025986754
65668,Issou Porchevil,145.74280621339446,48.97929224854445,1.7839734077298488
65669,Ermont Eaubonne,8647.187800556821,48.980512702511,2.271100606542697
65691,Vernouillet,2132.571926331508,48.981445969410295,1.9831433520864978
65732,Gargenville,256.7819869543402,48.982979763205634,1.8089078287123903
65749,Groslay,828.2873591989987,48.98431596206594,2.3534072458696844
65752,Cernay,2106.6107634543177,48.98500470125916,2.2574741572503108
65770,Mantes Station,821.3241963618241,48.98365450754101,1.7152109864475455
65788,Limay,365.2943831494483,48.98417275530593,1.7477861829061607
65827,Maurecourt,422.21225,48.986638844720666,2.059569496216215
65897,Herblay,2948.17500622355,48.99028999637594,2.161906605592158
65910,Ermont Halte,516.6799294887937,48.990313583902434,2.2632853539998323
65931,Mantes La Jolie,2448.746197955622,48.98950250803051,1.703016134167223
65985,Clairieres,311.65736748668525,48.992613881639144,1.9554792475346052
65988,Juziers,173.75916624811651,48.9922412812868,1.8451344435023882
65994,Mureaux,3451.263766658285,48.9925919547515,1.9135305080946599
66005,Franconville,4755.10683974039,48.99371348038584,2.2342763939965375
66009,Villiers Le Bel,9561.772044772044,48.99377714689272,2.4161874889269837
66063,Gros Noyer,984.1961866532865,48.99609884257494,2.259655619057619
66079,Sarcelles,3108.098307615729,48.99600683049393,2.368684562796334
66095,Conflans Ste Ho,4087.0908864541834,48.996630090664,2.097773988463467
66157,Rosny Sur Seine,152.2885872297637,48.99739200091921,1.6301676272984595
66321,Meulan,365.84432783608196,49.00576253682855,1.9017819799477345
66334,Thun Paradis,281.51392722710165,49.00670027774168,1.9192371117313654
66335,Montigny Beauch,3889.1774675972083,49.007767719270035,2.1965029019130347
66338,Vaux Sur Seine,250.2451078775715,49.00712724722576,1.9635517702783953
66436,Neuville Univer,2864.1110834371107,49.014133684983044,2.078306591409993
66452,St Leu,1183.8477183833115,49.01531915187679,2.242838660564836
66484,Eragny Neuville,496.4041961577351,49.017686209649426,2.090181620991014
66491,Pierrelaye,815.7112232030265,49.01913673984224,2.1546634856409232
66520,Vaucelles,351.93623405851463,49.02177395624446,2.2293764883869476
66533,Ecouen,1686.2628173220508,49.023206378062014,2.362222981011115
66535,Goussainville,4116.750063307167,49.02316199903104,2.4621689661352346
66557,Taverny,954.2652857499376,49.02496079481305,2.2223226926705846
66650,Noues,909.0686984761429,49.03318276903128,2.478033365115082
66654,Domont,2175.0799103808813,49.03297204677151,2.336829689836827
66659,St Ouen Liesse,1456.938015496126,49.033987636271455,2.128263873923673
66672,Bessancourt,469.549662246685,49.03531130852121,2.2102465210570603
66696,Cergy Prefectur,12194.15390544707,49.036463980725365,2.0795349399973735
66731,St Ouen Eglise,335.1294910179641,49.038963524940336,2.1034615933448735
66741,Bonnieres,299.2660458092122,49.038762044753305,1.5815321023350182
66795,Bouffemont,544.8072981754561,49.045169460276206,2.3229178462271083
66798,Frepillon,231.4183366733467,49.04543025423757,2.197087678318263
66803,St Ouen Aumone,1559.224408468244,49.045311648350264,2.1051107034445073
66816,Pontoise,5520.566625155666,49.04664576264113,2.0951950672259687
66834,Cergy Le Haut,6122.148329048843,49.04787620336899,2.0109997600036325
66858,Cergy St Christ,6236.737642585551,49.049647005256354,2.034294461852662
66915,Epluches,32.54447933019362,49.05510176049029,2.1227359082735706
66934,Mery Sur Oise,393.99925261584457,49.05804781176635,2.1912447591919113
66952,Pont Petit,114.84012377514182,49.06115390082607,2.131538271631698
66977,Osny,290.7918131592165,49.06296967859719,2.0579029891616134
67000,Montsoult,1278.1123034689294,49.06628869769714,2.3229204571938253
67016,Chaponval,24.010702166536152,49.069314135498644,2.1416969327799587
67027,Auvers Sur Oise,60.12652749490835,49.07046236344272,2.1753042099461597
67056,Boissy L Ailler,114.77998472116118,49.07584288482139,2.024952931375388
67065,Meriel,234.232017982018,49.07769904281829,2.2054467255247348
67072,Villaines,55.946623093681914,49.07927205498809,2.3505136376252613
67076,Montgeroult,20.05698529411765,49.08049370702577,2.003715373018928
67107,Valmondois,300.22113943028484,49.09107345219079,2.2018234842360593
67126,Belloy St Ma,110.71457696228339,49.09840026247686,2.3612705552410564
67131,Us,63.38736193167223,49.099650121708414,1.9705357223217732
67169,Presles,212.75219023779724,49.11406195154224,2.287915343526005
67172,Isle Adam,440.9158131401449,49.11478397008508,2.2100198692921973
67176,Viarmes,186.68253968253967,49.11662788250494,2.368253547610189
67177,Luzarches,204.87317564167085,49.11713213147005,2.4201070328017233
67180,Seugy,36.005037783375315,49.119022646304664,2.399724852518912
67196,Santeuil Le Per,26.296944371898668,49.123451854049335,1.9493326802800408
67227,Nointel Mours,263.82113414938794,49.13257770239181,2.2805153698198453
67241,Champagne Oise,174.51387153211698,49.136000564590994,2.2426777767781676
67292,Persan Beaumont,2704.109947643979,49.14771950559885,2.2778231906293986
67325,Bruyeres Sur O,64.14544513457557,49.155127360533164,2.3248275129679965
67352,Chars,125.09783728115345,49.162670580775035,1.9369286357858264
67476,Brunoy,4269.297829882764,48.69910694695422,2.506676982547088
67604,Marles En Brie,292.0091208512795,48.73493929649145,2.868955830083688
67625,Tournan,1174.584623065402,48.7394872073018,2.758824548674894
67658,Gretz,497.3764676492631,48.74645232070457,2.7272293714297664
67805,Mortcerf,83.88169301376848,48.78949667687372,2.907387270372533
67839,Roissy En Brie,2434.3820731096644,48.79565482141207,2.6503876684411503
67897,Emerainville,3820.923842707815,48.80584078961123,2.6191944124556534
67917,Faremoutiers,204.32929079883996,48.80865396493308,2.9931098934191773
67920,Coulommiers,676.9559449311639,48.80786914008054,3.081648526077241
67924,Guerard,64.24777603349033,48.81077532178037,2.9537303831019344
67944,Mouroux,83.31789306511382,48.813798482127474,3.042938266046296
68105,Bussy-St-Geor.,7618.854649713288,48.83653643294523,2.7089817422622775
68123,Lognes,3794.734648027958,48.839219299951644,2.6332109134176336
68129,Torcy,9871.050436953808,48.83964551726303,2.655130086641314
68153,Noisiel,7054.10576203542,48.84350923944823,2.616678624694602
68266,Val D'Europe,10952.03841356947,48.854824962724784,2.772428148255365
68385,M.L.V.Chessy,9448.46247818499,48.86995013493981,2.7822267234490368
68407,Chelles Gournay,8715.9685550287,48.87414408301458,2.583331158055108
68419,Vaires Torcy,2176.2418952618455,48.87520826545472,2.6375907171679747
68494,Lagny Thorigny,3847.6000996015937,48.88218913670531,2.7060141797599284
68653,Esbly,912.2106713426854,48.90307291510794,2.810248220730061
68916,Villeparisis,3657.2959777384267,48.95314838758261,2.6031353051184487
68918,Ferte Ss Jouarr,1052.8127056441408,48.95081998757723,3.1249090207473285
68963,Meaux Gare,7843.2510877911445,48.956931426575984,2.8733647999355174
68980,Changis St Jean,214.94785115303984,48.9591640630627,3.026111294286066
68984,Trilport,567.572880449318,48.960226490735955,2.9500603827528087
69065,Mitry Claye,2430.3802044377962,48.97585875402046,2.6424063023101896
69072,Nanteuil Saacy,455.4387442572741,48.97402658047848,3.2193028141920896
69136,Compans,25.94684287812041,48.99139140287416,2.6650598693073007
69162,Isles Armentier,72.74424022780222,48.998415393201626,3.007953055749719
69196,Thieux Nantouil,20.36104513064133,49.00811401774286,2.6802524559732173
69237,Lizy Sur Ourcq,203.53855846774192,49.02175726863726,3.0317584458367777
69254,Dammartin,710.6155239327296,49.03227911091459,2.6992222536256385
69300,Louvres,1630.0282714054927,49.04932560088567,2.5017580658464627
69435,Crouy Sur Ourcq,105.084388185654,49.09188299627487,3.0626904069870564
69450,Survilliers,2003.762902401635,49.099586939193706,2.525531713992054
69487,Chaville Velizy,1588.7618677042801,48.79972882534397,2.183684109854236
69503,Chaville Rd,2118.995421012465,48.81257171717767,2.188259860000294
69528,Bellevue,1056.9724793595196,48.81894780093774,2.2298080037295134
69554,Ablon,1127.5616131441375,48.7255353048612,2.4195650243879334
69568,Villeneuve St G,11301.549776007963,48.73063829288859,2.446226445438707
69622,Les Baconnets,4088.103612644255,48.73968104253053,2.287667495463073
69625,Villeneuve Roi,1303.7878712253557,48.73983069943655,2.4263998204748227
69633,Rungis,460.37298387096774,48.7409399706696,2.3522142897409646
69639,Orly Ville,1596.5467301428214,48.741878705678886,2.40290860736794
69647,Fontaine-Mich.,1584.0991943605236,48.743016569903006,2.295921406897603
69662,Saules,968.1560517635118,48.74600728474955,2.4169209363336535
69671,Villeneuve Tria,576.01998001998,48.744500702150724,2.438668340778227
69677,Thiais-Orly,671.1986472945891,48.74766419152921,2.372975818745279
69682,Chemin D Antony,286.5869290941206,48.74794190188695,2.3127110135157984
69759,Antony,9967.589492207138,48.754946525531125,2.3009868557349513
69813,La Croix-D-Ber,7993.606242197254,48.76233208044925,2.304489624508692
69852,Choisy Le Roi,10181.243580154574,48.76378680955172,2.411386724936104
69884,Creteil-P. Lac,6330.461346009507,48.76876292962538,2.464422531812662
69906,Parc De Sceaux,1120.6459580838323,48.76956333368779,2.309905064564246
69950,Creteil,7071.622072745391,48.77126603812107,2.4353063397063224
69974,L'Hay-Les-Rose,7440.620811287478,48.77531361288962,2.3543649431994953
70021,Creteil-Pref.,10607.460634841289,48.78000282890859,2.4593631290764044
70033,Bourg-La-Reine,9260.570680628272,48.78031379639699,2.312307716888594
70064,Ardoines,1829.7714502657554,48.78222618353015,2.4095902349857026
70133,Fontenay-Aux-R,2540.8320439231347,48.787566728367985,2.292988009258979
70143,Villej.L.Arag.,14555.874341610233,48.787421571497404,2.3673962752757047
70172,Creteil-Univ.,7805.204692960559,48.789920466889434,2.45051152829059
70210,Bagneux,5095.860264227642,48.79333629623622,2.322201633670121
70248,Villej.P.V.C,5048.361215774931,48.79648308455054,2.3682695400496945
70263,Arcueil-Cachan,7360.535277985539,48.798892500080676,2.328136923064751
70269,Creteil-Echat,5011.22263868066,48.79668213499687,2.4494128051458075
70313,Vitry Sur Seine,3914.330084957521,48.80020939834459,2.40271281718153
70358,Mais.Alf-Juil.,4799.200498753117,48.80335523705089,2.4455741010301444
70359,Le Parc S.Maur,4676.418163672654,48.80537766216148,2.4863497487790744
70375,Villej.L.Lagr.,5852.83442047165,48.80468812091137,2.3639531966021656
70393,St-Maur-Cret.,8455.845808383234,48.80620002476372,2.4727204038021715
70412,Meudon Val Fleu,2257.192650918635,48.80749262578013,2.2408830693356476
70426,Mais.Alf-Stade,3683.515328097289,48.809144361835415,2.4345098959239406
70427,Laplace,7615.0299475917145,48.808296588631435,2.334354309639648
70441,Barbara,5004.351800554016,48.80970399753329,2.3174491879233723
70445,Hop. Bicetre,7343.106382978724,48.80981003194872,2.349750100298353
70452,Kreml.Bicetre,8530.681658291458,48.81012995727394,2.362263387127349
70488,Mairie D'Ivry,6534.38838612368,48.81052080428471,2.384289600960821
70505,Clamart,2156.512569130216,48.81423944550172,2.274489672177882
70515,Meudon,975.4100938371798,48.81488431421452,2.240919294866534
70522,Alfort-Ecole V,6965.425255802346,48.81480300700047,2.422376142845623
70537,Pierre Curie,3320.3863230415923,48.815930763056315,2.3772672015137393
70543,Gentilly,4861.702419555999,48.81522993471633,2.340891132444595
70562,Malak.Et.Dolet,4367.455182774162,48.81530753120022,2.2970777969729843
70584,Vanves Malakoff,1279.2751560549314,48.81838763956166,2.2920618145543177
70586,M. Montrouge,12861.209022556392,48.818676409912605,2.3197403132985555
70596,Porte D'Italie,4536.053266331658,48.81913743213024,2.3599174793806412
70604,Pte De Choisy,7202.1246392023095,48.81969705854065,2.3645794492903347
70612,Issy Gare,1839.940625,48.819343962606595,2.257893897515079
70623,Cite Univ.,16023.259795358123,48.82071984240274,2.338779610827088
70636,Porte D'Ivry,4027.1860406728597,48.82159267094157,2.369672095437853
70640,Joinville-Le-P,9102.40104816571,48.82103881506317,2.4638567953623163
70645,Maison Blanche,5348.0964646464645,48.82180154406682,2.3588032512932613
70648,Charenton-Eco.,6276.134164588529,48.821897939434606,2.413132938342708
70657,Pte D'Orleans,13201.257135703556,48.82328163105774,2.3255426070173146
70671,Mairie D'Issy,8851.100275758336,48.82430937109403,2.2736655574997546
70686,Sevres Ville,1536.226534753932,48.827238775409505,2.200721257947835
70698,Pont De Sevres,10544.893409885171,48.829746119994304,2.231028100202621
70705,Vaucresson,1080.6680121089807,48.836643318031946,2.1526974002762644
70713,Garches Marnes,1660.79,48.83828254600232,2.1871107110950185
70721,Boulogne-St.Cl,6509.016970301972,48.84074501612618,2.2285369814916316
70829,Suresnes,2722.5665835411473,48.87171419115657,2.2210295504311297
70902,Rueil-Malmais.,14272.92240518962,48.88757361863876,2.172579447718415
70940,Nanterre-Ville,9209.595356964554,48.89512589133458,2.195363986912901
70945,Nanterre-Pref.,13455.482793017456,48.89574531120744,2.2232129684066617
70956,Nanterre-Univ.,10447.060613619356,48.901160775897644,2.2134294616183094
70990,Corent.Celton,7390.945891783567,48.82708544889644,2.2794116820504207
71001,Tolbiac,6926.0359493670885,48.82642601087568,2.357245650758686
71006,Porte D.Vanves,10268.730740463725,48.82760520152459,2.306085298077819
71013,Corvisart,5208.978963571062,48.82979051369297,2.350414872010464
71016,Issy Val Sei,5837.653425006366,48.83024281701701,2.263624107975514
71026,Glaciere,9488.758154943935,48.831129548026645,2.3435116577497763
71030,Alesia,10094.200357325166,48.82818847631351,2.3271646496078247
71033,Place D'Italie,22362.950024987505,48.83111118137381,2.355781951969575
71034,Billancourt,6260.896853146854,48.83173796437048,2.2374367869806067
71039,Plaisance,10299.134283570893,48.83182565048563,2.3141223234590225
71041,Saint-Jacques,4498.6031909418425,48.83290081566025,2.3371351933439004
71043,Nationale,5644.988954533778,48.83321671970985,2.362856399519012
71045,Porte D.Vers.,10744.275464124436,48.83233281283949,2.287766245506825
71054,Marcel Sembat,11833.283462596948,48.83362878105417,2.2435786287393302
71056,Denfert-Roch.,17317.52840059791,48.833605669772,2.3325987037652713
71063,Campo-Formio,2904.210030549898,48.835152535740804,2.3585662563494667
71073,Balard,11029.359421734796,48.83620914086758,2.2782247190885085
71075,Convention,11076.35078927587,48.837099428223645,2.296231386803389
71076,Les Gobelins,7297.42964635064,48.83593030287887,2.3525422662627022
71084,Pte St-Cloud,10438.803241895263,48.83796121443632,2.2571222298326203
71086,Lourmel,5070.2668518051,48.83873485883676,2.2821433781708915
71088,Raspail,3873.9886597938143,48.83896428071056,2.3307541920862156
71091,Vaugirard,7194.390879478828,48.839516585402485,2.3011075162423964
71092,Saint-Marcel,4874.199197190165,48.83842729696758,2.360967167698855
71100,Censier Daub.,6783.643288084465,48.84023383632875,2.3516064753021904
71106,Port-Royal,6930.886345903771,48.840033787418086,2.3370964308800906
71108,Edgar Quinet,4190.4991208239135,48.84066322929957,2.3263846107928465
71113,Volontaires,4983.630512820513,48.84150552236008,2.3079486779742893
71117,Vavin,4476.44067370538,48.84221841361353,2.329008926235403
71124,Exelmans,4433.819274092616,48.84241277035873,2.259608472752572
71125,Pasteur,10240.96309314587,48.842774047495034,2.312630143951444
71132,Commerce,6222.356009070295,48.84479476371181,2.293951963648718
71133,Place Monge,5715.157128514056,48.84286683068267,2.352224728183084
71135,Gare D'Auster.,29074.08362369338,48.84244163602509,2.3653999660312945
71137,Felix Faure,3725.882382892057,48.84274677979288,2.2919124133178745
71138,N.D.Des-Champs,4465.459418837675,48.84494263342596,2.3287780268900797
71141,Chardon-Lagach,1505.1048325236513,48.84520470358118,2.266441541719401
71144,Sevres-Lecour.,4556.6579591836735,48.84562696674718,2.3095314914609446
71147,Boulogne-J.J.,7905.861208187718,48.842005347289565,2.238887327153073
71148,Jussieu,9266.839969947408,48.84605089396574,2.3549841240710787
71153,Card.Lemoine,3351.9489847715736,48.84665685124266,2.3516232550160123
71156,Charl.Michels,9569.764915859256,48.8465346367312,2.2859992220590075
71157,Segur,3330.9401319127346,48.84706613315245,2.3074022406196404
71158,Av.Emile Zola,3185.957078313253,48.84699703133652,2.2950191304763616
71159,Duroc,7281.142821410705,48.847020830783855,2.316714793894069
71161,Luxembourg,11945.811720698255,48.84543415048044,2.339762849560476
71162,Mirabeau,11243.728450423518,48.84713100819624,2.2727637533161595
71166,Egli.D'Auteuil,367.490220661986,48.84715005481051,2.26913587274288
71167,Cambronne,5944.315915755798,48.84750708199681,2.302968297817314
71169,Pte D'Auteuil,1168.6542593055208,48.847971541497,2.257744680363203
71170,Vaneau,2161.62918476872,48.848816373369594,2.3212578628937472
71184,Saint-Placide,7322.700178162382,48.84687823885142,2.3267927850276813
71190,Maubert-Mutua.,3932.903774056486,48.85008987805251,2.3482087741854687
71197,Dupleix,7713.796358907673,48.85043454901342,2.2936124371878033
71201,Sully-Morland,3413.295905551369,48.85162059096899,2.3615249655078383
71202,Saint-Sulpice,4845.586872586872,48.851071370372,2.3307007099542143
71203,Sevres-Babyl.,10267.46261216351,48.85139690186739,2.326462440860844
71204,St-Fran.Xavier,3654.2364001002757,48.85144170744032,2.314408121472487
71206,M.Ange-Auteuil,4392.082817337461,48.847915229050244,2.2641504032169752
71212,Avenue Du President Kennedy,1405.322534811026,48.85364805716894,2.2794870649625665
71216,St-Germ.D.Pres,7809.344455594581,48.853718934000206,2.3337761382184676
71217,Pont Marie,3057.5323433173926,48.85357547250359,2.357162571618337
71222,Saint-Paul,11789.137793310036,48.85523625280238,2.360956490023829
71223,Cite,3148.612131890259,48.85493637835866,2.3473213170674265
71224,Ec.Militaire,7458.00426171973,48.85489056687858,2.3064034857365168
71227,Rue Du Bac,4591.082188295165,48.85519632481491,2.325815566511529
71229,Boulainvilliers,1664.7875035181537,48.85697199584854,2.2747933246088805
71232,Varenne,2461.5598494353826,48.85687137924919,2.315056637317088
71237,Passy,7199.6252593361,48.85744869007581,2.2858124441464076
71242,Latour-Maub.,4068.1723015276734,48.85772541289347,2.310565960946845
71243,Ranelagh,4890.454477238619,48.855485050404425,2.2701091389418937
71253,Pont-Neuf,3108.42476764632,48.85855382636669,2.342232759368107
71269,Musee D'Orsay,2924.637797533697,48.860351434026214,2.3267597744418103
71270,Solferino,4064.015542742542,48.85849912371638,2.323167611246745
71273,Rambuteau,6883.150102459016,48.86120499033039,2.353495741491146
71274,Invalides,8177.580733715997,48.861098180651716,2.3137731347293315
71277,Filles Du Calv,3150.834047919294,48.8632579449589,2.3666610933534518
71284,Tuileries,4484.424460431655,48.86434377873392,2.330129877112862
71285,Trocadero,13603.531893520843,48.86333797893181,2.286911665928944
71286,Avenue Henri Martin,943.3072304881232,48.86546235708394,2.2721593819194146
71290,Alma-Marceau,7969.336929252383,48.86476684497177,2.3009910034955845
71292,Rue D.La Pompe,6677.300625782228,48.86394013069539,2.2784416488331494
71293,Arts.Metiers,7941.33217044605,48.86545459508852,2.356733312984347
71294,Iena,4681.0255,48.8647940649002,2.2941620153942797
71296,Temple,2445.524470232089,48.866514461743,2.3608035032752688
71297,Palais-Royal,14500.085992023929,48.86258885137301,2.3366874306383387
71298,Concorde,10334.670652715497,48.86642376312773,2.3227339805921097
71301,Boissiere,4186.647730154705,48.86698310944948,2.290058833580487
71305,Champs-Elysees,6423.337092731829,48.867753745059304,2.313719840214178
71311,Republique,34099.89088191331,48.86764683555538,2.363749874708277
71313,Quatre-Septemb,3956.365681071519,48.869637996887164,2.3362327568689163
71315,Victor Hugo,8118.848807711822,48.86979855646069,2.2853350946861695
71318,F.D.Roosevelt,17991.37493771799,48.86906936450603,2.3090563254320715
71320,Bonne Nouvelle,9103.804560260587,48.870590478011124,2.3484911310789895
71322,J.Bonsergent,5111.446110828673,48.87039638922484,2.3614002104327776
71324,Madeleine,16256.491284860558,48.870177812440936,2.3257294853807906
71326,Gds Boulevards,12341.89496007984,48.87125654594185,2.34456106066273
71328,George V,11637.918572505654,48.872023810399725,2.3005604512367213
71330,Richelieu-Dr.,9889.101246882792,48.87194194660977,2.3386601202312747
71333,Chateau D'Eau,8398.596385542169,48.87262083992817,2.356153947450339
71334,St-Ph.Du-Roule,6048.301225919439,48.87204586272729,2.3100189324082736
71346,Miromesnil,12196.685878243514,48.87375157760125,2.3145997891038013
71347,Ch.D.G.Etoile,28729.77149264889,48.87472829946377,2.2955098994151797
71348,Argentine,6175.225676017185,48.87533684211653,2.2901275088247015
71350,N.D.De-Lorette,5917.456960408685,48.876047496005405,2.337495844533765
71351,Cadet,5853.445262890526,48.87600859381197,2.3445724820893283
71355,Trinite,4082.7689567430025,48.87633026495961,2.333108893760544
71363,Poissonniere,6907.937358490566,48.877100185798646,2.3487755574768467
71366,Saint-Georges,2208.3480552070264,48.87817339105656,2.337857510381017
71367,Ternes,6905.838717819283,48.87797270141956,2.2983103737615287
71376,Courcelles,5281.035478966041,48.87932978868225,2.3040703912187603
71379,Porte Maillot,18637.324539571928,48.87783262858623,2.283620911017834
71382,Liege,3436.4361648016275,48.87963476065682,2.3270222008895027
71403,Villiers,11242.545864661653,48.881094427166275,2.3147210047461946
71407,Louis Blanc,4737.17094017094,48.881069341315865,2.3646861067899647
71408,Rome,5454.652621018309,48.88233342370702,2.3218017310631685
71409,Pigalle,10035.614135864136,48.88223748355833,2.337699003974882
71416,Malesherbes,4851.754961832061,48.88289191745414,2.309052264550479
71419,Anvers,9068.120884644382,48.882972767827276,2.3446670737483
71420,Blanche,6069.1784553861535,48.88355629016869,2.3333796724221587
71422,Puteaux,2047.3959580838323,48.883367501401416,2.233751758030531
71423,Wagram,4826.908612919379,48.88380920123339,2.304674440528396
71426,Barbes-Roch.,17970.42543640898,48.88361101546386,2.3501439159537623
71432,Abbesses,3583.4424257932446,48.884594208027806,2.3379497756920697
71435,Place Clichy,16102.278512602945,48.883902176464964,2.327886775238893
71442,Pont D.Neuilly,14630.060628930818,48.88470820133096,2.260515079251701
71450,Pte Champerret,6337.225838758137,48.885988348332184,2.2928327233433974
71453,Pereire-Levallois,7799.326611899427,48.88546882753347,2.2985017244304107
71469,Chateau Rouge,16056.08260991319,48.88671096804134,2.349559430194618
71474,La Fourche,5505.760885980368,48.88718394686579,2.3257796748068915
71485,Esplanade Def.,19852.688827793052,48.88813847761218,2.2497927690097654
71492,Lamarck-Caul.,5168.824768112308,48.88967407389343,2.338760650528743
71510,Marx Dormoy,7501.932768796511,48.89048545474661,2.359995766394621
71511,Marcadet-Pois.,13388.425224327018,48.891452277607534,2.349721305722907
71519,Anatole France,7387.196745932415,48.892082785966664,2.2850095013824143
71521,Jules Joffrin,8248.678967741935,48.892418922945716,2.3447646117383565
71528,Guy Moquet,8454.505623594101,48.892206827747096,2.3272198679191285
71556,Simplon,6231.077340920849,48.894343848842425,2.347430779960205
71557,Olympiades,15749.845845845846,48.82727083601133,2.3680326484142777
71558,Liberte,5293.718718466196,48.826620065463494,2.4058519439819017
71572,Bibliotheque Francois Mitterrand,29628.33316733068,48.82943545033832,2.3767224917424814
71576,Cour St-Emili.,10874.598552894211,48.83333855925167,2.386632402066985
71579,Pte Charenton,4896.3042717961525,48.83236489443164,2.399330253441542
71590,Nogent-S-Marne,6686.050961778666,48.834288898896155,2.471681242571033
71591,Porte Doree,5461.463804293559,48.83515368321537,2.406020178880937
71595,Michel Bizot,4136.155798020807,48.83711700698872,2.4023331645551855
71597,Quai D.La Gare,6353.251912289648,48.83704512015793,2.3728257245425723
71606,Dugommier,5423.349230381024,48.83904114371398,2.389620014061439
71607,Bercy,11832.047050037341,48.839823805662206,2.3808311212716635
71609,Nogent Le Per,3433.8118466898954,48.83934193918028,2.4941880553461155
71614,Daumesnil,10909.187032418953,48.83949753697409,2.395943087944513
71630,Fontenay-S-B.,6111.423834455248,48.843794351932786,2.4635014194875513
71631,Montgallet,3353.737,48.84406559730793,2.390482133980388
71634,Ch.D.Vincennes,10663.975585450922,48.84445639456913,2.440439978057246
71637,Quai.La Rapee,2597.432179843395,48.8464846505702,2.36591010685298
71639,Picpus,2924.92025477707,48.84506157994489,2.4012890198273484
71647,St-Mande Tour.,12609.990032394717,48.846423077287035,2.4187597866986716
71650,Berault,6490.781468531469,48.845470707583566,2.4292051663480003
71651,Vincennes,17323.30558325025,48.84734036417028,2.432434660260661
71654,Reuilly-Did.,13469.068312141611,48.847154316155105,2.3861344786068517
71663,Pte D. Vincenn,16337.187141789185,48.84722587565424,2.4090989644758785
71673,Nation,28490.93230462917,48.848122057530965,2.3955563672882247
71693,Ledru-Rollin,7619.836409608091,48.85152370843435,2.3751010337556164
71694,Boulets-Montr.,5447.596895343015,48.852168369650244,2.3896255399759547
71703,Maraichers,5884.751824817518,48.85272512017012,2.406089161868773
71710,Pte Montreuil,9288.562016471176,48.85338003295932,2.4113179865914365
71718,Val D.Fontenay,19493.20787637089,48.85418253594921,2.4889319633739753
71725,Robespierre,9432.683645443196,48.855726428633155,2.4229832161458753
71728,Alexandr.Dumas,7395.994241362043,48.85622809125615,2.3946756547920462
71750,Voltaire,10210.989260739261,48.85787849486676,2.3800206442479825
71751,Phil.Auguste,3652.8393393393394,48.85806226176241,2.3908609523236084
71756,Crx.De Chavaux,10623.667333166708,48.85778351458649,2.434538451473474
71777,St-Sebastien.F,3251.245864661654,48.861168864595705,2.3672108677856154
71781,Saint-Ambroise,6160.915288220552,48.86147646373029,2.373943508245182
71785,Mairie D.Mont,17166.58233532934,48.86229941281971,2.4415218094110314
71787,Pere-Lachaise,9919.930801898576,48.862653481259684,2.3868592028899025
71795,Saint-Maur,5909.951262626262,48.864285758645295,2.379741893177554
71799,Pte D.Bagnolet,8922.03881793138,48.864017057670175,2.4084317511098936
71801,Parmentier,6142.6154832094335,48.86525378605433,2.3745819699964126
71803,Oberkampf,9027.980456026058,48.86499157740829,2.3679563965491197
71808,Gambetta,14148.748567156741,48.86507077137961,2.3978297202646086
71815,Menilmontant,8662.094641962944,48.866446806067,2.383599109573657
71817,Gallieni,11361.310551259665,48.8653353181603,2.416697272847641
71828,Pelleport,692.858864892014,48.86844016327547,2.401561712742542
71834,Couronnes,6266.303553553554,48.8690911620257,2.380542586000037
71840,Goncourt,6365.885124808966,48.86995751270301,2.3710948397312004
71853,Belleville,22501.607828471704,48.87206595179464,2.376662202899331
71860,Saint-Fargeau,1535.4216445888528,48.87210144213156,2.4045149423791043
71864,Pyrenees,6259.541038097674,48.87388185415816,2.385316215101792
71868,Jourdain,6721.132242140816,48.87511181695599,2.389415032035528
71870,Telegraphe,4930.972925101215,48.87547445667917,2.398867596625601
71885,Place D. Fetes,6330.240782543266,48.876878118661566,2.393020028389028
71889,Porte D.Lilas,8131.5332001997,48.87697204868621,2.4067363284118026
71893,Colonel Fabien,9257.212212212213,48.87761018741785,2.370811395312745
71897,Montreuil Hop.,4996.537785588752,48.87833670193852,2.454714211064978
71900,Buttes-Chaum.,1029.7191270860078,48.87851411402383,2.3816145119289653
71906,Botzaris,1934.2997487437185,48.87949310793359,2.3885668704791967
71909,Mairie D.Lilas,9290.0704655304,48.87976125309794,2.416479643681515
71911,Pre-St-Gervais,833.9124251497007,48.880271957029535,2.3984681722681724
71920,Bolivar,1139.9460070316425,48.880667463456206,2.374495966260425
71930,Danube,1280.6097186700767,48.88181610818685,2.394012398359364
71935,Rosny Ss Bois,5057.212493728048,48.869912419186086,2.485761140611789
71940,Jaures,12353.318215798654,48.88242753195431,2.370783382369765
71947,Romainv.Carnot,5922.231304347826,48.8831359021221,2.44082220524926
71957,Laumiere,9110.056992216922,48.884970562766206,2.3787169232246455
71961,Stalingrad,14401.754923959112,48.8844693550962,2.3675914801417957
71972,Ourcq,8355.92092092092,48.886856931501875,2.3859131742732758
71977,Riquet,4753.761148904006,48.88796756174982,2.3734568878525493
71989,Pte De Pantin,10383.332086761406,48.888712564137386,2.3937327628375176
72004,Hoche,11136.241213653602,48.891228593203465,2.4023521439004725
72013,Crimee,11623.646421370968,48.890906449558166,2.377090439088876
72024,Egli.De Pantin,8461.118614502866,48.893149985759834,2.412763044547627
72031,Corent.Cariou,5690.342231176026,48.89465585833331,2.382160158371538
72037,Bondy Gare,5818.837979094076,48.893878836177294,2.481119418834035
72039,Bob.R.Queneau,6517.8697929658265,48.89545467305272,2.4253268901662555
72041,Noisy Le Sec,11803.220947630924,48.896284143673554,2.4593467407677156
72057,Pont Levallois,10010.581754735793,48.8971540959649,2.280413812210846
72064,Pte D.Chapelle,5895.757203708344,48.89781870688524,2.3589416690706893
72073,Clichy Levalloi,9084.701100550275,48.89763744791706,2.2974199481466626
72078,Pte D.St-Ouen,7594.452242209273,48.89752330795677,2.329386573631094
72118,Mairie Clichy,13025.705647176412,48.90323367878661,2.306010915009083
72124,Becon,5039.50112528132,48.90576265710707,2.2699647791945137
72126,Clichy St-Ouen,23721.357178464605,48.90453140523786,2.3221849789465026
72128,Garibaldi,6409.061920280772,48.906094050248626,2.3318308379624098
72132,Asnieres Sur S,5287.413887506222,48.90589990277438,2.283110183161171
72148,Garenne Colombe,4148.236629667003,48.90963293312602,2.2396841171276165
72168,Mairie St-Ouen,12022.214107053527,48.912583496519375,2.334294020299737
72177,Vallees,3615.998986058302,48.91363686305641,2.257326023785208
72179,Bois Colombes,4720.9688667496885,48.91424647429559,2.2715987503897543
72203,Gabriel Peri,11015.212765957447,48.916382309922106,2.2946851117025546
72206,Stade De France,7862.365561923748,48.91756717658464,2.3503895378897677
72211,Plaine Stade De,13043.486965325234,48.91800820579238,2.362470767055213
72217,Carref.Pleyel,5168.7985,48.91900755521728,2.3426080144231554
72219,Gresillons,2493.303347280335,48.92087280435658,2.313835382457718
72240,Les Agnettes,5310.779363886802,48.92310377966602,2.2862795775297826
72244,Colombes,5041.982276585122,48.92391862656037,2.2593457030521504
72285,St-Denis-Pte P,9286.537559271275,48.929876158529666,2.356663932527627
72286,Les Courtilles,8832.315604616157,48.93048560826115,2.28394850279966
72287,Stade,2057.3828242363547,48.931903495003134,2.260965473528721
72303,Gennevilliers,2037.4364418167158,48.933173003610364,2.307516443800961
72323,St Denis,22175.006480558324,48.935083215799835,2.346385516563803
72326,St-Denis-Basil,10579.055108203322,48.9374170605179,2.3600793943201555
72358,St-Denis-Univ.,11169.242325929623,48.94586727214251,2.3646364825042263
72383,Epinay Sur St11,3290.079340937896,48.954629053362005,2.302214301737512
72396,Villetaneuse U,2216.794689119171,48.959661968299926,2.342211199439788
72421,Pantin,7770.548469387755,48.898112306280396,2.400361703159176
72430,Pte D.Villette,7803.6747987927565,48.89740931358028,2.3860449103911963
72460,Auberv.4 Chem.,15830.183123425693,48.90378388105197,2.392221222535117
72486,Bob.P.Picasso,18031.784396809573,48.90645538986824,2.4495980353963533
72491,Aime Cesaire,3689.8811571540264,48.90808243782026,2.377741481106109
72524,Mairie D'Aubervilliers,7251.99494949495,48.913710545549606,2.3807356063950946
72598,Courneuve,11678.226128147595,48.92435387966093,2.386388291064694
72646,Aulnay Ss Bois,14242.950716620568,48.9321170327637,2.496047600213122
72648,Blanc Mesnil,3580.4345959595958,48.93230541606913,2.475674370833512
72652,Drancy,6730.036090225564,48.93270621869947,2.4547663827657766
72881,Boissy-St-Leg.,6516.168287210172,48.75218572078873,2.504559838342837
72929,Sucy-Bonneuil,6035.914193065602,48.771707906964316,2.507482645714313
72998,La Varenne-Ch.,4598.866151545364,48.795383835614835,2.513423298184714
73042,Champigny,8537.362730443449,48.80698507164625,2.510307237115641
73096,Yvris Noisy Gd,654.0049800796813,48.82315185583432,2.579837253911679
73097,Villiers Sur M,7827.424695046055,48.82326663412408,2.5426797940158528
73098,Boullereaux,2085.936345481777,48.82484856949889,2.5118555534510074
73163,Noisy-Champs,13486.841448189763,48.84288484082361,2.5800859119743564
73166,Bry-Sur-Marne,5530.441286462229,48.84519309666404,2.525615908439546
73190,Neuilly-Plais.,13872.973087465736,48.85290746280475,2.5143124384334405
73266,Chenay Gagny,2635.072157062723,48.87715783970278,2.5528816497808324
73278,Gagny Gare,4569.762665335663,48.88373428097724,2.5254342507658434
73297,Raincy,7152.7555,48.88886574230645,2.5131575327478117
73439,Sevran Livry,4244.88088711687,48.936280185651775,2.5347149747425237
73482,Vert Galant,5441.963369050585,48.944181065974725,2.5664480169630006
73491,Sevran Beaudott,8147.93895274585,48.9468939111449,2.524779047056861
73547,Villepinte,2273.694388777555,48.962709513300425,2.512644627819613
73568,Parc Des Expo,3492.839349262837,48.97342490721537,2.514360285533493
73596,Aeroport Cdg1,5111.650369238605,49.00987915914475,2.5608957695634915
73603,Etang La Ville,315.29199491740786,48.868064423247134,2.076719102677291
73604,Acheres Ville,3328.5699352911897,48.97066504832262,2.0777317645655984
73605,Conflans Fo,3359.7779990044796,48.99087405177776,2.0744309825707523
73614,Courbevoie,2504.3533834586465,48.89862464897339,2.2491965080151255
73617,Europe,3354.261326658323,48.878770367587585,2.3222652131305974
73618,Odeon,10864.81015507754,48.8521183525646,2.3401703939998004
73620,Saint-Michel,29899.909589041097,48.85293992274713,2.344198487725545
73621,Breguet-Sabin,4561.21831165519,48.856140711155,2.370209339755372
73622,Chemin-Vert,2851.2416729276233,48.85710325815475,2.368184114950699
73624,Vert De Maisons,2455.0792377131393,48.78846667355173,2.432243533360699
73625,Maisons Alfort,10702.072921851668,48.80204938032392,2.426482408484048
73627,Grand Bourg,193.24945054945056,48.64848911258699,2.435330530181304
73630,Louvre,5084.118306986232,48.8608062912721,2.3411085916340664
73633,Stras.St-Denis,19046.79625935162,48.86947775236319,2.354035466764656
73634,Sentier,6982.470528967255,48.86751302499845,2.346552336353212
73635,Bourse,6734.457601222307,48.86865415183625,2.3413760511435733
73636,Reaumur-Seb.,10793.324576913363,48.86661494987344,2.3520941883936928
73639,Mabillon,3446.7289156626507,48.8530167679172,2.335502051727558
73640,Rennes,2511.6573462125066,48.84845784944872,2.3277821284985807
73641,Falguiere,1867.6154618473895,48.84447014129587,2.317852783041332
73642,Assemblee Nat.,1988.7520020666495,48.860786963526714,2.3209981919540845
73647,Charonne,8177.834046839587,48.855094494476994,2.3846997601328437
73648,Richard Lenoir,4414.383808095952,48.85987362347133,2.3719139801008375
73650,Bel Air,4882.002770083102,48.84133824913213,2.4009185367798027
73651,Chevaleret,7739.77181378784,48.83494772325454,2.3681263304132094
73653,Mouton-Duvern.,3361.2605670103094,48.83111266037533,2.3297050126201846
73656,Kleber,2408.2536435694196,48.87126214446096,2.2932406499473137
73657,Jasmin,4209.858980827447,48.85250409151217,2.2681767494233314
73658,M.Ange-Molitor,4612.825087456272,48.84515286888426,2.261684308684279
73661,Brochant,12292.376898182723,48.89058718661181,2.320174757151551
73667,Louise Michel,7272.966573105384,48.88870601977514,2.2880836330485037
73671,Monceau,3392.5435217608806,48.88032518647405,2.308773835955807
73675,Gaite,5668.140964758811,48.838631646237154,2.322491748462238
73689,Chauss.D'Antin,13079.405094905094,48.87302861119525,2.3342014869527405
73690,Saint-Augustin,5636.341238142786,48.87447567664767,2.322001788877926
73695,Fort D'Auberv.,8893.04892812106,48.91494975727623,2.4044090887818643
73696,La Courneuve,14132.877268145161,48.92078596906289,2.410598616469426
73699,Aeroport Cdg2,5482.7710084033615,49.004706543150775,2.5709421649802273
73718,Chaville Rg,965.6389638424178,48.8051956691424,2.189278118558865
73721,Versailles Rg,3744.2226879748496,48.80021557813598,2.1290438673702554
73749,St Cloud,5577.223716990533,48.84610294864102,2.217621080890434
73753,Chevilly-Larue,8727.043010752688,48.75956184465557,2.3664416861484403
73766,Malak-P.Vanves,7141.373406648338,48.822583707737074,2.298464191958535
73788,Pyramides,11914.943198804185,48.86582230313036,2.3343136284169
73798,Rosa Parks,10645.169681025978,48.89706696925789,2.373601400700906
73844,Champ De Mars-Tour Eiffel,19014.42027902342,48.856457211541745,2.2898035182585
73848,Funiculaire,5146.902770233569,48.885661112701506,2.3425496532584886
74001,Faidherbe-Cha.,6296.418912175649,48.85017786279968,2.384092210055667
74002,Boulevard Victor,2556.4253204289826,48.83858282299489,2.2708163236105445
74041,Fr. Populaire,5787.996483295655,48.90656714598029,2.3659203194009595
74265,Sceaux,1452.4893617021276,48.78135672132316,2.2976476777940333
74371,Triel Sur Seine,431.08122969257687,48.98107191008837,2.0059308930685593
91479,Aéroport D'Orly,11167.077777777778,48.72886537316312,2.3613024412739323
412687,Pernety,6436.09315491508,48.83422588267789,2.318616414425384
412697,Noisy-Le-Grand,17856.104161475207,48.840844372159204,2.549900487641346
412992,Boucicaut,6771.310405202601,48.84109405724891,2.287945766487378
415852,Hotel De Ville,21183.399900398406,48.85746490713623,2.351293012200512
422067,Val D Or,1672.6070717131474,48.85607083754508,2.2166014426812333
422420,Viroflay Rd,1467.976643818228,48.805590973316725,2.168369540695427
422776,Essonnes Robins,174.88469284994966,48.605555826378406,2.4624564927796966
424296,Villiers Neauph,534.7164369576315,48.81532862049073,1.8775042043136385
424396,Ivry Sur Seine,3219.08895013781,48.81398905200947,2.3916869716625384
425779,Les Sablons,11673.72629740519,48.88101649749112,2.272238940611057
426083,Stains Cerisaie,1585.8718031725477,48.95473074848043,2.3917951396342727
426093,Dugny Courneuve,830.8599735799207,48.94393432566968,2.4111217548968242
426280,Rosny Bois.P,5336.302638128422,48.88263976108285,2.4808623028720573
427230,Robinson,4481.8597149287325,48.78023729710839,2.281430595437462
461505,Chatillon-Mon.,15293.265482233503,48.810673790637736,2.3010180149552806
462934,Ozoir La Ferrie,1760.6953776206112,48.7707789170597,2.6902527821957585
463564,Bastille,24040.752241035858,48.85296180679686,2.3689749083914946
463754,Sevres Rg,989.9111733265462,48.82121703789382,2.2148597954375497
473829,Bir-Hakeim,9205.986838571045,48.85394260621378,2.2893345327788075
474149,Chateau-Landon,3451.1509481668772,48.87844430039445,2.3619653022299603
474150,La Muette,7198.314671332167,48.85804605538448,2.274154629736559
474152,Porte Dauphine,5500.232685600398,48.87082349813872,2.2758552808651644
478505,Le Peletier,19308.586155378485,48.68966593967354,2.383339729126172
478855,Etampes,2518.155301144848,48.4369239376403,2.1595305875651545
478860,Villejuif Gustave Ro,5086.520146520146,48.79305491267365,2.34936523945399
478883,Porte D.Clign.,17123.526130653267,48.897721836617954,2.3449630991989423
479068,Etienne Marcel,5364.748993963783,48.863972478817246,2.3496175641598405
479928,Buzenval,4354.068862275449,48.85197520932561,2.401927284511547
483315,Lucie Aubrac,5567.11837577426,48.80363023251622,2.3180536133374328
488087,Nanterre La Folie Rer E,1990.9270664505673,48.897586648407284,2.223738843023636
490779,S. Gainsbourg,4413.377162629758,48.881316062234305,2.4271855777339173
490782,La Dhuys,4309.041666666667,48.877993387689884,2.4654717467571627
490783,Cot. Beauclair,2449.3189655172414,48.88224373133741,2.4673561174182512
490784,Saint Denis Pleyel,5857.326039387309,48.91746894101899,2.3465446215359846
492980,Pont De L'Alma,3289.954483695652,48.86266245169435,2.300989969386769
